e,r,se_DNC,sp_DNC,pres_DNC,se_RD,sp_RD,pres_RD,se_GCO,sp_GCO,pres_GCO,se_GCO_A,sp_GCO_A,pres_GCO_A,se_SZCO,sp_SZCO,pres_SZCO,se_SZCO_A,sp_SZCO_A,pres_SZCO_A,se_LZCO,sp_LZCO,pres_LZCO,se_LZCO_A,sp_LZCO_A,pres_LZCO_A,se_NLR,sp_NLR,pres_NLR,se_NLR_A,sp_NLR_A,pres_NLR_A,se_NLME,sp_NLME,pres_NLME,se_NLME_A,sp_NLME_A,pres_NLME_A
0,0,100,100,100,100,100,92.70185118422496,100,100,92.70185118422496,100,100,92.70185118422496,100,99.88204774519178,92.57802091007414,100,99.87616972584917,92.70185118422496,100,99.07362415160588,91.73236986065176,100,99.0305186764268,92.70185118422496,100,99.99882439613148,92.70028371240026,100,99.9984325281753,92.70185118422496,100,99.60578083608948,92.28725488659342,100,99.75704186717243,92.59683057197047
0.001,0,0,100,100,0,99.99686201905538,92.70185118422496,63.1578947368421,99.99686201905538,92.6407197830619,65.58704453441295,100,92.70185118422496,15.789473684210526,99.99686201905538,92.68656833393419,65.18218623481782,100,92.6614887847391,46.558704453441294,99.76504367677227,92.41382823643744,74.89878542510121,99.75680647679268,92.68147405050394,38.05668016194332,99.99568527620116,92.66344812451996,70.04048582995951,99.9984310095277,92.67677163502987,88.25910931174089,99.69247786742815,92.29430850980454,92.3076923076923,99.81485912426797,92.59604683605812
0.002,0,0,100,100,0,99.9929326679571,92.70185118422496,61.61616161616161,99.9929326679571,92.58233145759205,63.43434343434343,99.99882211132618,92.70185118422496,15.353535353535353,99.9929326679571,92.67206921955578,64.44444444444444,99.99842948176824,92.62230198912175,29.09090909090909,99.94935078702595,92.60035738357602,67.27272727272727,99.95484760083708,92.64267912284276,38.58585858585858,99.9917547792833,92.62543693277114,68.88888888888889,99.99842948176824,92.65639450130884,83.43434343434343,99.70984675668355,92.24297380754581,90.30303030303031,99.83470295610795,92.58625013715378
0.005,0,0,100,100,0.08064516129032258,99.98109849260479,92.70185118422496,60.88709677419355,99.98109849260479,92.40638274527015,63.54838709677419,99.99566840455526,92.70185118422496,12.661290322580646,99.98109849260479,92.6407197830619,63.70967741935484,99.99566840455526,92.494944903365365,21.612903225806452,99.96298454801772,92.57919651394266,64.83870967741936,99.97952336698852,92.52942928350862,37.096774193548384,99.97991714839259,92.52041632051665,68.46774193548387,99.99803109297967,92.5831151935044,82.8225806451613,99.74916124560934,92.05566092449489,91.61290322580645,99.84406256398948,92.53883411445679
0.01,0,0,100,100,0.12106537530266344,99.95528471370345,92.70185118422496,61.420500403551245,99.95528471370345,92.10660375879743,63.922518159806295,99.99366863202881,92.70185118422496,12.106537530266344,99.95528471370345,92.58546640124143,63.84180790960452,99.9932729215306,92.28764675454958,16.343825665859566,99.95172331921965,92.54079345423766,64.20500403551252,99.99208579003601,92.31938805899964,37.24778046811945,99.95409758220886,92.33976519272066,69.04761904761905,99.9976257370108,92.46673041052087,81.39628732849071,99.73922678168651,91.68769691364798,89.7497982243745,99.8444857742076,92.503174130445
0.02,0,0,100,100,0.16061031921300944,99.8992833933503,92.70185118422496,60.85123469182895,99.8992833933503,91.5172343527125,63.56153382854849,99.9820148916697,92.70185118422496,9.536237703272436,99.8992833933503,92.51884884869195,62.557719333467176,99.97322217204156,91.83268805743216,13.912868901826942,99.89768471705428,92.43185416242143,63.380847219433846,99.97841787000364,91.89381945859523,37.36197550692632,99.89808438612829,91.9741523896108,68.92190323228267,99.99680264740795,92.2327852406853,77.45432644047379,99.78178068559232,91.07011301471856,87.1913270427625,99.89408769538822,92.47966205307459
0.05,0,0,100,100,0.49047197877301596,99.74788981301828,92.70185118422496,61.871834043579646,99.74788981301828,89.71033120679655,64.5814907131945,99.96127719350281,92.70185118422496,7.606335933102838,99.74788981301828,92.35504804301142,63.24676368899252,99.92502605550544,90.28206655485369,9.873763769397764,99.74788981301828,92.24454127937051,63.60858727989065,99.93038133725504,90.27109425208081,38.02363914127201,99.74665397876836,90.87104409298243,69.69526413122136,99.99258499450053,91.49450601125444,NA,NA,NA,NA,NA,NA
0.1,0,0,100,100,1.0073333870577805,99.47302166080652,92.70185118422496,61.99935530663229,99.47302166080652,86.77014593162687,64.46530743814974,99.91361722446499,92.70185118422496,7.708115077766138,99.47302166080652,92.05017477310845,63.3088887098074,99.81334375135651,87.47707572456385,10.234507212507053,99.47302166080652,91.80447356458768,63.32500604400032,99.80249164387725,87.63068796338386,38.093319364977035,99.47171940790902,89.09353104377948,69.36497703279878,99.98393888093068,90.29421446149506,51.45458941091143,99.46824673351566,87.79057008950264,79.4020469014425,99.98784563962322,90.42235528316378
0.2,0,0,100,100,2.0961402801572104,98.85150287245892,92.70185118422496,62.1626524236622,98.85150287245892,81.02340235434268,64.45228257583392,99.81028637029182,92.70185118422496,8.102388390607679,98.85150287245892,91.53408467482797,63.498941852262426,99.4396151245543,81.78558552910012,11.139776277335484,98.85150287245892,90.94353966487454,63.39816587725486,99.51550057643756,82.40042635233632,38.260606671369544,98.85052998205018,85.66938884273554,68.78564950115891,99.960111493240845,87.87599730394847,45.66159427592462,98.85052998205018,84.2304497076665,75.29577748664718,99.97665063018977,87.87521356803612
0.5,0,0,100,100,4.491820971496226,96.29471338406002,92.70185118422496,62.73326943677059,96.29471338406002,64.36509553740771,64.199131758471,99.29252302925306,92.70185118422496,8.957868539533985,96.29471338406002,90.52894336724297,63.9027376186986,97.84780468445916,65.03283853472733,12.110277950047923,96.29471338406002,88.99517218677995,63.818974057458576,97.9416770333285,65.46820383403609,38.91542296571332,96.29395019423181,75.95302286941393,67.40630965133417,99.7054087263125,80.48027336708623,NA,NA,NA,NA,NA,NA
0,0.1,100,100,100,100,100,92.70185118422496,100,100,92.70185118422496,100,100,92.70185118422496,100,99.88204774519178,92.57802091007414,100,99.87616972584917,92.70185118422496,100,99.07362415160588,91.73236986065176,100,99.0305186764268,92.70185118422496,100,99.99882439613148,92.70028371240026,100,99.9984325281753,92.70185118422496,100,99.60578083608948,92.28725488659342,100,99.75704186717243,92.59683057197047
0.001,0.1,0,100,100,0,99.99607750843336,92.70185118422496,61.29032258064516,99.99607750843336,92.6422872548866,63.70967741935484,99.99921550168666,92.70185118422496,14.112903225806454,99.99607750843336,92.68813580575889,64.51612903225806,99.99960775084334,92.66188065269527,44.354838709677416,99.80779791323448,92.4620279950468,72.17741935483872,99.8030909233545,92.68147405050394,42.33870967741936,99.99490076096336,92.65913757700204,70.96774193548387,99.99843100337334,92.68029844663542,89.51612903225806,99.68698517298188,92.28803862250577,92.74193548387096,99.82584137444105,92.59134442058404
0.002,0.1,0,100,100,0,99.99293239046186,92.70185118422496,59.20792079207921,99.99293239046186,92.58468266532908,61.98019801980198,99.99764413015396,92.70185118422496,13.861386138613863,99.99293239046186,92.67442042729282,62.57425742574257,99.99764413015396,92.6215182532094,26.33663366336634,99.964269307335,92.61955891342853,64.95049504950495,99.96898104702709,92.64111165101806,40.5940594059406,99.99175445553885,92.6199507813847,68.9108910891089,99.9980367751283,92.6583538410897,84.75247524752476,99.71768826344906,92.24375754345816,90.6930693069307,99.83705233564864,92.58860134489083
0.005,0.1,0,100,100,0.08058017727639001,99.98070463521917,92.70185118422496,59.22643029814666,99.98070463521917,92.41422010439362,62.04673650282031,99.99566838749818,92.70185118422496,11.925866236905721,99.98070463521917,92.64424659466745,62.28847703464948,99.9964559534076,92.4988635829271,20.950846091861404,99.96416575112129,92.58389892941675,63.416599516518936,99.98188598408329,92.53609103876357,41.01531023368251,99.97952328635503,92.50121479066414,68.89605157131345,99.99803108522644,92.59878991175134,84.20628525382756,99.72198923397401,92.02313588413247,91.45850120870266,99.82870441470071,92.53648290671975
0.01,0.1,0,100,100,0.12,99.95488507566644,92.70185118422496,59.96,99.95488507566644,92.11561672178942,63,99.9920851009941,92.70185118422496,11.08,99.95488507566644,92.59447936423342,62.96000000000001,99.99248084594441,92.28686301863725,15.68,99.9497403913126,92.54432026584321,63.36000000000001,99.99050212119293,92.32369860651755,40.56,99.95369784081555,92.30410520870888,69.48,99.99762553029822,92.48514820446103,81.84,99.75265940606597,91.6916155932097,89.03999999999999,99.85515734819224,92.51297082934934
0.02,0.1,0,100,100,0.16012810248198558,99.89927735499137,92.70185118422496,60.168134507606084,99.89927735499137,91.52703105161685,63.3706965572458,99.98441197160581,92.70185118422496,8.867093674939952,99.89927735499137,92.5313886232895,62.26981585268214,99.97881626910534,91.82249949057166,12.910328262610088,99.89767858284837,92.45066382431776,62.97037630104083,99.98161412035557,91.88127968399769,40.71257005604483,99.89807827588412,91.90635923319277,69.95596477181746,99.99720214874976,92.26570214900387,76.56124899919936,99.7817676024813,91.0842202611408,86.68935148118496,99.89967704802712,92.44282646519429
0.05,0.1,0,100,100,0.49895380653468535,99.74666545835017,92.70185118422496,61.16207951070336,99.74666545835017,89.74795053058922,63.729277321744725,99.95098079600596,92.70185118422496,7.114115564139707,99.74666545835017,92.37973572425035,62.53017865765331,99.90896433543965,90.29421446149506,8.948977949460808,99.74666545835017,92.2903898302428,63.05327539031064,99.91967441362321,90.30009248083766,41.348784806051825,99.74542968009821,90.71116196686364,70.24786737485917,99.99052570006837,91.61245826606267,NA,NA,NA,NA,NA,NA
0.1,0.1,0,100,100,1.0057124466972405,99.47119350497114,92.70185118422496,61.10708826132433,99.47119350497114,86.84734391899306,63.62136937806743,99.9070898276386,92.70185118422496,7.188832568991874,99.47119350497114,92.09955013558631,62.342103145868535,99.78074935961446,87.51978933178675,9.3289886555636,99.47119350497114,91.89107638290201,62.41049159224394,99.7755394434073,87.6432277379814,41.270415962667954,99.46989102591934,88.77807733905983,69.86483224716389,99.9795944948552,90.51914666833864,55.69635529809317,99.46554942908001,87.3685283007038,80.23573899750583,99.98437025137845,90.68921736131793
0.2,0.1,0,100,100,2.0925884977988622,98.84249005797285,92.70185118422496,61.17956861720305,98.84249005797285,81.18328448046145,63.44905220415301,99.81211150646658,92.70185118422496,7.634631234044265,98.84249005797285,91.62147122905466,62.35953926869961,99.376950073257035,81.90353778390833,10.2317727702173,98.84249005797285,91.1151778296785,62.29119343880033,99.46943404675795,82.49604213364265,41.33113554586206,98.84151654246232,85.05141307584995,69.1358272860675,99.95959910631275,88.33448281267144,49.18286529840996,98.84102978470705,83.52038497108015,76.05483747763684,99.97225480794972,88.32546984967945
0.5,0.1,0,100,100,4.483335209093687,96.26970656146307,92.70185118422496,61.892052671350704,96.26970656146307,64.71738483000769,63.175876649999196,99.2958392586816,92.70185118422496,8.648327089731016,96.26970656146307,90.67158330329012,62.934707461774686,97.67879260516537,65.35181905105256,11.519044326896797,96.26970656146307,89.27222283179461,62.78598646236957,97.79806413138218,65.87770584823738,42.14753123140987,96.26894200039757,74.34166183362854,67.84973551779025,99.66053488692141,81.68134865275796,NA,NA,NA,NA,NA,NA
0,0.2,100,100,100,100,100,92.70185118422496,100,100,92.70185118422496,100,100,92.70185118422496,100,99.88204774519178,92.57802091007414,100,99.87616972584917,92.70185118422496,100,99.07362415160588,91.73236986065176,100,99.0305186764268,92.70185118422496,100,99.99882439613148,92.70028371240026,100,99.9984325281753,92.70185118422496,100,99.60578083608948,92.28725488659342,100,99.75704186717243,92.59683057197047
0.001,0.2,0,100,100,0,99.99607749304735,92.70185118422496,60.24096385542169,99.99607749304735,92.64307099079893,62.65060240963856,99.9988232479142,92.70185118422496,13.253012048192772,99.99607749304735,92.68891954167124,63.05220883534136,99.9988232479142,92.66109691678292,48.19277108433735,99.82270268574051,92.47417590168817,76.70682730923694,99.81878017878788,92.68108218254777,43.373493975903614,99.99490074096157,92.65796197313352,70.68273092369478,99.99803874652368,92.68147405050394,86.74698795180723,99.69404445769379,92.29861905732244,90.76305220883533,99.82701744338843,92.59408749627725
0.002,0.2,0,100,100,0,99.99293264020856,92.70185118422496,61.08870967741935,99.99293264020856,92.5831151935044,64.31451612903226,99.99960736890048,92.70185118422496,12.298387096774194,99.99293264020856,92.67794723889838,64.91935483870968,99.99921473780095,92.6172077056915,30.241935483870968,99.9446390149671,92.59252002445257,67.33870967741935,99.9493505881614,92.64346285875511,43.95161290322581,99.99175474690999,92.61485649795445,70.76612903225806,99.9984294756019,92.66070504882676,86.69354838709677,99.69767405336641,92.22181293791245,92.13709677419355,99.81585601432317,92.57214289073154
0.005,0.2,0,100,100,0.07974481658692185,99.98070364740444,92.70185118422496,58.69218500797449,99.98070364740444,92.41382823643744,61.24401913875598,99.99684957508644,92.70185118422496,11.084529505582138,99.98070364740444,92.64777340627303,61.64274322169059,99.99803098442902,92.4957286392777,22.48803827751196,99.97007096332118,92.58115585372353,63.23763955342903,99.98818590657415,92.54040158628149,43.46092503987241,99.97952223806186,92.4871075442419,69.05901116427432,99.99842478754321,92.60623540291863,84.29027113237639,99.75308544739971,92.0493910371961,90.82934609250398,99.85823087888978,92.5431446619747
0.01,0.2,0,100,100,0.12057877813504825,99.95647012267511,92.70185118422496,59.68649517684887,99.95647012267511,92.12110287317586,62.37942122186495,99.99445983379502,92.70185118422496,10.048231511254018,99.95647012267511,92.60505979905011,62.37942122186495,99.99445983379502,92.28372807498785,16.036977491961416,99.95211713494263,92.54236092606234,63.30385852090033,99.99168975069253,92.32840102199164,44.33279742765273,99.95528294420262,92.26922896060942,70.53858520900322,99.99762564305502,92.50434973431354,83.03858520900322,99.76493866244559,91.69318306503442,89.54983922829582,99.86347447566284,92.49337743154067
0.02,0.2,0,100,100,0.16035277610743637,99.89848080927581,92.70185118422496,59.39065945079174,99.89848080927581,91.5438813737323,62.317097614752456,99.97881686177801,92.70185118422496,8.117859290438965,99.89848080927581,92.5462796056241,61.5353778312287,99.97482004324557,91.82014828283461,11.725796752856283,99.89808112742257,92.47535150555669,62.55762677891361,99.98121495289749,91.87422606078655,44.13710162357186,99.89728176371608,91.84052541655564,70.57526558428543,99.99440445405457,92.30841575622678,NA,NA,NA,NA,NA,NA
0.05,0.2,0,100,100,0.49755236337372605,99.74786488524144,92.70185118422496,59.89888451970147,99.74786488524144,89.8012445726288,62.691597785089485,99.96415726309806,92.70185118422496,6.652756600593852,99.74786488524144,92.4012884618399,61.13474039001685,99.90606731018798,90.3290907095945,8.121338576358237,99.74786488524144,92.32957662586016,61.80081855388813,99.91554297626551,90.3467247676223,44.76366262739748,99.74662892879655,90.53874006614731,70.716635904020535,99.99382021777554,91.73393733247644,NA,NA,NA,NA,NA,NA
0.1,0.2,0,100,100,1.0018835410571876,99.46923795252677,92.70185118422496,59.83248507193524,99.46923795252677,86.94922958759817,62.47345008616199,99.92529372163224,92.70185118422496,6.600408768484751,99.46923795252677,92.1544116494506,61.034745321203864,99.76371967772059,87.59894665893381,8.407806676551917,99.46923795252677,91.97767920121636,61.23912956357953,99.77935587551849,87.69730551593335,44.523704564581415,99.4679349360436,88.44459770835618,70.10780266901774,99.98045475275262,90.74721381883161,59.52390494128963,99.46272287011098,86.97274166496857,80.83997916082235,99.98045475275262,90.93805351348809
0.2,0.2,0,100,100,2.0877579643358044,98.83767378871579,92.70185118422496,60.34261671007815,98.83767378871579,81.3082903584808,62.60068122620718,99.79637369810696,92.70185118422496,7.152875175315568,98.83767378871579,91.7112089910184,61.50270486876378,99.3253051958807,81.96976346850165,9.332799038268885,98.83767378871579,91.28485665470163,61.42256060909638,99.42127261567241,82.52974277787357,44.59426968543378,98.83669950018998,84.3871968901359,69.65738328992185,99.9527470064985,88.79453579321913,52.7569625325586,98.83669950018998,82.79072683668511,76.93247846123022,99.97028419996298,88.7667131683308
0.5,0.2,0,100,100,4.478976234003657,96.23444110613771,92.70185118422496,61.181404150229326,96.23444110613771,64.99012492750444,62.400173193495625,99.2511803298792,92.70185118422496,8.34696430289618,96.23444110613771,90.81148016364405,62.1259501587607,97.48528419890857,65.53286204680471,11.033067128515988,96.23444110613771,89.49872251046287,61.975207671830404,97.61558035440554,66.07128861858708,45.34943391385227,96.2336746581642,72.72716585419377,68.49161294461015,99.61064442945613,82.77270091070112,43.90936207062446,96.23444110613771,73.43135257143753,67.58635620128933,99.8267827579864,82.68805743216767
0,0.30000000000000004,100,100,100,100,100,92.70185118422496,100,100,92.70185118422496,100,100,92.70185118422496,100,99.88204774519178,92.57802091007414,100,99.87616972584917,92.70185118422496,100,99.07362415160588,91.73236986065176,100,99.0305186764268,92.70185118422496,100,99.99882439613148,92.70028371240026,100,99.9984325281753,92.70185118422496,100,99.60578083608948,92.28725488659342,100,99.75704186717243,92.59683057197047
0.001,0.30000000000000004,0,100,100,0,99.99607749304735,92.70185118422496,59.43775100401606,99.99607749304735,92.64385472671128,63.05220883534136,99.99921549860947,92.70185118422496,10.843373493975903,99.99607749304735,92.69127074940829,65.06024096385542,99.99960774930473,92.65717823722119,51.00401606425703,99.83211670242686,92.47927018511842,79.11646586345381,99.82701744338843,92.68108218254777,48.19277108433735,99.99490074096157,92.65325955765945,73.89558232931726,99.99843099721895,92.6834333902848,89.5582329317269,99.68816069726483,92.28882235841812,93.17269076305222,99.82309493643578,92.58233145759205
0.002,0.30000000000000004,0,100,100,0,99.99293261245981,92.70185118422496,59.356136820925556,99.99293261245981,92.58625013715378,61.97183098591549,99.99882210207663,92.70185118422496,11.066398390342053,99.99293261245981,92.68029844663542,62.37424547283702,99.99882210207663,92.61759957364767,29.77867203219316,99.95013565457751,92.59918177970751,66.59959758551308,99.95445461362985,92.64267912284276,48.692152917505034,99.99175471453644,92.60545166700629,71.6297786720322,99.99803683679438,92.66540746430083,86.31790744466801,99.69845813161832,92.22416414564948,90.74446680080483,99.8178184545194,92.56430553160807
0.005,0.30000000000000004,0,100,100,0.08019246190858059,99.98109797157608,92.70185118422496,58.861267040898156,99.98109797157608,92.41461197234979,61.26704089815558,99.99645586967051,92.70185118422496,10.104250200481154,99.98109797157608,92.65286768970327,61.587810745789895,99.99803103870583,92.49220182767215,22.373696872493987,99.9688904115523,92.58037211781118,64.8757016840417,99.98661106319972,92.53060488737715,47.47393744987971,99.97991659479958,92.46868975030173,70.16840417000802,99.99763724644701,92.61759957364767,85.88612670408982,99.72316404204126,92.01294731727198,91.17882919005613,99.82239969126687,92.51493016913021
0.01,0.30000000000000004,0,100,100,0.12028869286287089,99.95488614688121,92.70185118422496,58.821170809943865,99.95488614688121,92.12815649638698,61.42742582197273,99.99525117335591,92.70185118422496,8.299919807538092,99.95488614688121,92.62191012116557,61.587810745789895,99.99604264446327,92.27745818768908,16.599839615076185,99.9521159980055,92.53805037854444,62.46992782678428,99.99525117335591,92.34094079658918,47.35364875701684,99.95369894022019,92.23866326002789,70.2485966319166,99.99643838001694,92.53256422715802,85.28468323977546,99.73406570793134,91.63949715503864,90.73777064955894,99.848433282943,92.46751414643322
0.02,0.30000000000000004,0,100,100,0.15990405756546072,99.90007394528048,92.70185118422496,58.34499300419748,99.90007394528048,91.56112356380393,61.60303817709374,99.98281271858825,92.70185118422496,7.395562662402558,99.90007394528048,92.55999498409017,60.9634219468319,99.97841597218058,91.82171575465931,10.973415950429741,99.8996742410616,92.48945875197893,61.543074155506694,99.98201331015049,91.87579353261125,46.93184089546272,99.89887483262386,91.7833126949543,70.29782130721567,99.99600295781121,92.35112936344969,80.43174095542675,99.74938545476347,90.97057855385049,88.06715970417748,99.87289405839678,92.38874868724236
0.05,0.30000000000000004,0,100,100,0.4794246903715541,99.74616047108661,92.70185118422496,58.673591689972035,99.74616047108661,89.84787685941346,61.78186176588094,99.96456136446989,92.70185118422496,6.088693567718737,99.74616047108661,92.42675987899118,59.944067119456655,99.91181548833204,90.36200761791306,7.27926488214143,99.74574839392928,92.36797968556515,60.807031562125445,99.92376572589453,90.37924980798469,47.49500599280863,99.74492423961463,90.39453265827547,70.78705553335996,99.99258261116812,91.83934981268712,NA,NA,NA,NA,NA,NA
0.1,0.30000000000000004,0,100,100,0.9986019572598361,99.4638349272006,92.70185118422496,58.985420411424,99.4638349272006,87.01310406445444,61.67765128819652,99.91179780406947,92.70185118422496,5.963650888755742,99.4638349272006,92.21475931470133,60.123826642700216,99.7249655663841,87.6432277379814,7.485520271619732,99.4638349272006,92.06545762339921,60.47134012382664,99.76406998822523,87.71062902644326,47.793089674455764,99.46253144647257,88.10955060582786,70.7209906131416,99.98175126980748,90.97763217706162,63.279408827641305,99.45471056210434,86.58283304857595,81.52586379069304,99.9791443083514,91.21314481872189
0.2,0.30000000000000004,0,100,100,2.087332053742802,98.83658588891272,92.70185118422496,59.48696417146513,98.83658588891272,81.4517140304403,61.69025911708253,99.80309203984949,92.70185118422496,6.607885476647472,98.83658588891272,91.8158377353167,60.474648112603965,99.2572085859669,82.04578585199931,8.475287907869482,98.83658588891272,91.44983306425067,60.45465451055663,99.37467100773985,82.56853770553474,47.81070057581574,98.83561109703078,83.73904729062495,70.11556301983364,99.95369738560818,89.26438547267112,56.21601087651952,98.83561109703078,82.0916344028716,77.5911708253359,99.97757978671554,89.22010439362353
0.5,0.30000000000000004,0,100,100,4.46041095561967,96.22188905547226,92.70185118422496,60.355010669501205,96.22188905547226,65.29578193331974,61.47071281858651,99.26344520047668,92.70185118422496,7.984143602694949,96.22188905547226,90.97410536545605,61.13344469042462,97.33979164264022,65.80560214430146,10.361803984878879,96.22188905547226,89.80829819583992,60.968806694212894,97.44435474570408,66.33188080944244,48.65692158915627,96.22112020912621,71.03116133987491,69.11838750669341,99.58559181947489,83.92165775820179,NA,NA,NA,NA,NA,NA
0,0.4,100,100,100,100,100,92.70185118422496,100,100,92.70185118422496,100,100,92.70185118422496,100,99.88204774519178,92.57802091007414,100,99.87616972584917,92.70185118422496,100,99.07362415160588,91.73236986065176,100,99.0305186764268,92.70185118422496,100,99.99882439613148,92.70028371240026,100,99.9984325281753,92.70185118422496,100,99.60578083608948,92.28725488659342,100,99.75704186717243,92.59683057197047
0.001,0.4,0,100,100,0,99.99607747766123,92.70185118422496,58.4,99.99607747766123,92.64463846262363,60.4,99.99882324329838,92.70185118422496,12.8,99.99607747766123,92.68931140962742,61.199999999999996,99.99882324329838,92.66305625656379,53.6,99.76229514627086,92.40363966957695,73.6,99.75405784935946,92.68578459802185,49.6,99.9949007209596,92.65169208583475,68.8,99.9984309910645,92.68656833393419,88.4,99.69561226651186,92.29783532141009,91.2,99.82544775592497,92.588993212847
0.002,0.4,0,100,100,0,99.99293247371273,92.70185118422496,57.171314741035864,99.99293247371273,92.58938508080318,60.95617529880478,99.99882207895212,92.70185118422496,10.358565737051793,99.99293247371273,92.68147405050394,61.354581673306775,99.99842943860283,92.61799144160385,40.0398406374502,99.9344290616681,92.56312992773955,68.72509960159363,99.93914074585962,92.66070504882676,51.39442231075697,99.99175455266484,92.59918177970751,72.50996015936255,99.99803679825354,92.67246108751195,87.25099601593625,99.7082682204754,92.22886656112357,91.43426294820716,99.82802352700973,92.56900794708216
0.005,0.4,0,100,100,0.07980845969672785,99.98070372339379,92.70185118422496,57.940941739824424,99.98070372339379,92.41774691599919,61.13328012769353,99.9952743812393,92.70185118422496,8.619313647246608,99.98070372339379,92.65992131291439,61.77174780526736,99.99763719061964,92.48671567628571,22.266560255387073,99.96416405773131,92.57606157029328,64.4852354349561,99.98267273121074,92.53295609511419,49.880287310454904,99.9795223187036,92.45575810774801,71.18914604948124,99.99803099218305,92.62269385707792,86.75179569034319,99.69401618524427,91.97689546530401,91.77972865123704,99.81373186051549,92.49807984701475
0.01,0.4,0,100,100,0.11971268954509177,99.95567551309551,92.70185118422496,57.302474062250596,99.95567551309551,92.14030440302835,60.893854748603346,99.99366793044221,92.70185118422496,7.222665602553871,99.95567551309551,92.63209868802609,61.09337589784517,99.99445943913695,92.27001269652177,15.44293695131684,99.95290523266398,92.54863081336113,61.93136472466081,99.99327217609485,92.33310343746571,49.84038308060654,99.95448825005343,92.2120162390081,70.4708699122107,99.99722971956847,92.55450883270373,84.87629688747008,99.7542365502885,91.66144176058435,90.18355945730248,99.86109022407611,92.46751414643322
0.02,0.4,0,100,100,0.15958507879513265,99.89847107025082,92.70185118422496,57.5902653101935,99.89847107025082,91.57366333840149,60.84181129064432,99.98041371040271,92.70185118422496,6.80231398364253,99.89847107025082,92.57135915481919,60.602433672451625,99.97921454981513,91.8264181701334,10.073808098942749,99.89727190966323,92.50591720613822,60.98144823459006,99.98321175177377,91.87971221217298,50.56852184320766,99.89727190966323,91.71003338714986,71.43427089567126,99.99600279804137,92.38678934746149,NA,NA,NA,NA,NA,NA
0.05,0.4,0,100,100,0.4861719933051726,99.74571486269839,92.70185118422496,57.50378576552164,99.74571486269839,89.89842782575982,60.47660795409261,99.95301700866712,92.70185118422496,5.45150235115964,99.74571486269839,92.45771744752888,58.539890013549055,99.89531859825833,90.40197814944277,7.946122579102574,99.74530273119548,92.33467090929041,59.57599426157647,99.9093310693576,90.47094690972929,50.63361759783215,99.74447846818964,90.23465053215668,71.37164262373476,99.98722392340949,91.94476229289779,NA,NA,NA,NA,NA,NA
0.1,0.4,0,100,100,0.9961746891934969,99.46456200128644,92.70185118422496,57.82993305706089,99.46456200128644,87.11263852532251,60.511635320369784,99.90655911548424,92.70185118422496,5.219955371373924,99.46456200128644,92.28647115068107,58.702582084794386,99.68577786276794,87.72042572534758,6.59467644246095,99.46456200128644,92.15127670580121,59.184730634364044,99.74749230742486,87.79370503315202,50.84475613643609,99.46325817499087,87.79801558066994,70.93560726809052,99.97826956174052,91.22450898945091,66.48071405801721,99.4536967821567,86.25131275765318,82.00510041440867,99.97566190914938,91.42671285483644
0.2,0.4,0,100,100,2.082544490723211,98.82736855455127,92.70185118422496,58.52647521871699,98.82736855455127,81.60297506152327,60.73855596962873,99.7907408943022,92.70185118422496,6.05831124574025,98.82736855455127,91.92007461165885,59.4053289224576,99.20930300620948,82.14257723717417,7.55893899838578,98.82736855455127,91.62499804066022,59.387393132585345,99.32880995468491,82.60537329341506,51.1987086231292,98.82639298762493,83.04269793250467,70.76665537376194,99.95512392138882,89.72247911343794,59.60262261105244,98.82639298762493,81.39019076132107,78.12431495247016,99.9790253110839,89.66526639183661
0.5,0.4,0,100,100,4.451899248587616,96.19094617205512,92.70185118422496,59.41257559941672,96.19094617205512,65.67315077511482,60.49228268404823,99.20811775682199,92.70185118422496,7.554762265233432,96.19094617205512,91.1759173628854,60.212594723379844,97.16017302665566,66.057573240121,9.590667505996159,96.19094617205512,90.17469473486214,60.01896459676327,97.27506149231635,66.60736398263242,51.82115907153159,96.19017510852719,69.40608492562346,69.61839725252396,99.53504869266179,85.05885856701725,50.57013315059324,96.19094617205512,70.021709484772,68.90363913081588,99.8365345320801,85.03181967804129
0,0.5,100,100,100,100,100,92.70185118422496,100,100,92.70185118422496,100,100,92.70185118422496,100,99.88204774519178,92.57802091007414,100,99.87616972584917,92.70185118422496,100,99.07362415160588,91.73236986065176,100,99.0305186764268,92.70185118422496,100,99.99882439613148,92.70028371240026,100,99.9984325281753,92.70185118422496,100,99.60578083608948,92.28725488659342,100,99.75704186717243,92.59683057197047
0.001,0.5,0,100,100,0,99.99607744688863,92.70185118422496,55.55555555555556,99.99607744688863,92.64698967036068,60.317460317460316,100,92.70185118422496,8.333333333333332,99.99607744688863,92.69362195714533,61.50793650793651,100,92.65874570904587,59.92063492063492,99.79210468509744,92.4279354828597,79.36507936507937,99.78504408949698,92.68852767371506,55.158730158730165,99.99490068095523,92.64581406649216,73.4126984126984,99.99843097875545,92.68852767371506,91.26984126984127,99.69560987855776,92.29509224571689,94.84126984126983,99.82701540778862,92.58664200510995
0.002,0.5,0,100,100,0,99.99293236271114,92.70185118422496,55.92885375494071,99.99293236271114,92.59095255262787,59.683794466403164,99.99960735348395,92.70185118422496,8.695652173913043,99.99293236271114,92.68460899415332,60.47430830039525,99.99960735348395,92.61877517751618,42.490118577075094,99.90812071524489,92.52864554759628,70.15810276679841,99.91086924085722,92.66227252065144,52.96442687747036,99.991754423163,92.59526310014577,70.15810276679841,99.99842941393581,92.67794723889838,88.73517786561264,99.71807980147793,92.2355283163785,91.50197628458498,99.83980022145263,92.5666567393451
0.005,0.5,0,100,100,0.07974481658692185,99.98109745051865,92.70185118422496,57.336523125996806,99.98109745051865,92.4204899916924,60.44657097288676,99.99684957508644,92.70185118422496,7.336523125996811,99.98109745051865,92.66619120021318,60.68580542264753,99.99763718131483,92.48632380832954,27.033492822966508,99.96495152283664,92.55254949292286,64.43381180223285,99.98267266297542,92.55294136087903,54.066985645933016,99.97991604117605,92.43498910607082,72.16905901116426,99.99763718131483,92.636409235544,88.03827751196172,99.70189104255437,91.97885480508488,92.02551834130782,99.82869564532515,92.4972961111024
0.01,0.5,0,100,100,0.11961722488038277,99.95567516226058,92.70185118422496,56.37958532695375,99.95567516226058,92.14892549806417,59.84848484848485,99.9928763653633,92.70185118422496,6.100478468899522,99.95567516226058,92.64307099079893,60.04784688995215,99.9928763653633,92.26687775287239,14.71291866028708,99.95250910242204,92.55529256861608,61.523125996810215,99.9928763653633,92.33427904133423,53.50877192982456,99.95448788982112,92.17557251908397,71.9298245614035,99.99722969764129,92.57018355095067,86.00478468899522,99.74750672787715,91.63792968321395,90.55023923444976,99.84921640018996,92.4471370127122
0.02,0.5,0,100,100,0.15888778550148958,99.8984621411696,92.70185118422496,56.524329692154915,99.8984621411696,91.5897299246046,60.15888778550149,99.98640831810933,92.70185118422496,5.878848063555115,99.8984621411696,92.588993212847,59.821251241310826,99.98361003066124,91.82014828283461,9.016881827209533,99.8968631197707,92.5255106039469,60.198609731876864,99.9860085627596,91.86795617348778,53.74379344587885,99.89726287512043,91.6430239666442,71.77755710029791,99.99520293580329,92.43420537015848,NA,NA,NA,NA,NA,NA
0.05,0.5,0,100,100,0.49292415328351086,99.7432092659,92.70185118422496,56.5749721736365,99.7432092659,89.93761462137718,59.74717761170297,99.95136226866164,92.70185118422496,4.92129114326602,99.7432092659,92.48358073263633,57.71187788201622,99.90272453732328,90.43489505776134,6.662426458896487,99.7432092659,92.39776165023433,58.856733979965014,99.91385350974815,90.46506889038669,53.65717920178089,99.74197271340836,90.07986268946816,71.54555573223088,99.99134413255842,92.05605279245106,NA,NA,NA,NA,NA,NA
0.1,0.5,0,100,100,0.9944707426707506,99.46098439897587,92.70185118422496,57.01897450177016,99.46098439897587,87.18278288947756,59.77962528342417,99.92566800985877,92.70185118422496,4.4790962249890605,99.46098439897587,92.35857485461699,57.758860734317196,99.66485400936322,87.76627427621987,5.648593818369863,99.46098439897587,92.24336567550199,58.43510083933331,99.75048793952593,87.86189005752621,54.07534110346474,99.45968032897339,87.47119770522124,71.2597955368153,99.98174301996531,91.44904932833833,69.48168184892,99.4514212189577,85.94565575183786,82.28250924857791,99.98174301996531,91.60109409533364
0.2,0.5,0,100,100,2.077534791252485,98.82569989457654,92.70185118422496,57.44731610337972,98.82569989457654,81.78793673683715,59.791252485089466,99.78524852602398,92.70185118422496,5.493041749502982,98.82569989457654,92.02862203551891,58.29224652087475,99.19419390105814,82.36319889649984,6.63220675944334,98.82569989457654,91.8040816966315,58.40159045725646,99.2996173519191,82.68492248851827,54.564612326043736,98.82423567998126,82.35457780146402,71.36580516898609,99.94972863222834,90.18919384924055,63.44333996023857,98.8237476084495,80.60410364123705,79.03180914512923,99.97510835188005,90.14412903428061
0.5,0.5,0,100,100,4.436851932779786,96.1718973502509,92.70185118422496,58.46807834412617,96.1718973502509,66.05443829647162,59.57411306662429,99.23840009896932,92.70185118422496,7.170950697230941,96.1718973502509,91.353433547032,59.309522863612884,97.01777581900984,66.34637992382086,8.802987565055023,96.1718973502509,90.54853676505165,59.094195701402406,97.16391021626345,66.8899007790335,56.14000238369552,96.17112415238184,67.20221954010377,70.45091573636327,99.55309163167946,86.62554665579886,NA,NA,NA,NA,NA,NA
0,0.6000000000000001,100,100,100,100,100,92.70185118422496,100,100,92.70185118422496,100,100,92.70185118422496,100,99.88204774519178,92.57802091007414,100,99.87616972584917,92.70185118422496,100,99.07362415160588,91.73236986065176,100,99.0305186764268,92.70185118422496,100,99.99882439613148,92.70028371240026,100,99.9984325281753,92.70185118422496,100,99.60578083608948,92.28725488659342,100,99.75704186717243,92.59683057197047
0.001,0.6000000000000001,0,100,100,0,99.99607741611555,92.70185118422496,55.118110236220474,99.99607741611555,92.64698967036068,58.26771653543307,99.99921548322311,92.70185118422496,10.236220472440944,99.99607741611555,92.69166261736446,58.661417322834644,99.99960774161156,92.66266438860762,67.71653543307087,99.75013140656013,92.37973572425035,80.31496062992126,99.74503204751034,92.69009514553976,58.26771653543307,99.9949006409502,92.6422872548866,71.25984251968504,99.99843096644622,92.69127074940829,90.94488188976378,99.69521523217773,92.2947003777607,93.30708661417323,99.82662179230702,92.57998024985501
0.002,0.6000000000000001,0,100,100,0,99.9929323349602,92.70185118422496,55.818540433925044,99.9929323349602,92.59095255262787,58.57988165680473,99.9988220558267,92.70185118422496,6.903353057199212,99.9929323349602,92.68813580575889,59.36883629191322,99.99921470388446,92.61759957364767,46.548323471400394,99.88770265547882,92.50082292270795,72.18934911242604,99.89123648799871,92.66305625656379,55.62130177514793,99.99175439078691,92.58977694875935,71.00591715976331,99.99842940776892,92.68147405050394,88.95463510848126,99.72239782315917,92.24101446776494,90.92702169625247,99.83783635214249,92.5639136636519
0.005,0.6000000000000001,0,100,100,0.07898894154818326,99.98149037893526,92.70185118422496,56.477093206951025,99.98149037893526,92.42205746351709,59.95260663507109,99.99684942620175,92.70185118422496,5.687203791469194,99.98149037893526,92.67402855933665,60.821484992101105,99.99803089137609,92.47456776964434,28.672985781990523,99.96061782752183,92.53844224650062,65.48183254344391,99.97794598341223,92.55686004044077,56.872037914691944,99.98030891376092,92.41853065191154,72.35387045813586,99.99763706965132,92.64738153831685,87.51974723538704,99.74519734406628,92.02235214822014,91.78515007898895,99.86373768322557,92.50944401774377
0.01,0.6000000000000001,0,100,100,0.11885895404120445,99.95488079029859,92.70185118422496,55.38827258320127,99.95488079029859,92.15519538536296,59.15213946117274,99.9940632618814,92.70185118422496,5.309033280507132,99.95488079029859,92.65051648196624,59.587955625990496,99.99564639204635,92.26726962082856,16.48177496038035,99.95211031250989,92.5372666426321,61.370839936608554,99.99525060950512,92.34721068388797,56.81458003169572,99.95369344267485,92.139520667116,71.83042789223455,99.9980210872938,92.59134442058404,87.63866877971473,99.73720039261627,91.61010705832562,91.64025356576863,99.85039419941107,92.42440867125413
0.02,0.6000000000000001,0,100,100,0.15873015873015872,99.89806034827382,92.70185118422496,55.1984126984127,99.89806034827382,91.61480947379971,58.611111111111114,99.98201064969538,92.70185118422496,4.523809523809524,99.89806034827382,92.6156402338668,58.611111111111114,99.98201064969538,91.82328322648401,9.285714285714286,99.89766058493372,92.52120005642898,59.18650793650794,99.98600828309641,91.89813000611315,56.904761904761905,99.89686105825352,91.5795413577441,71.56746031746032,99.99280425987816,92.48749941219808,83.75,99.76413962933944,90.91101462451212,88.96825396825396,99.89646129491341,92.32369860651755
0.05,0.6000000000000001,0,100,100,0.4915563307698406,99.74399670205091,92.70185118422496,55.442797114088634,99.74399670205091,89.98581437998652,58.62998493617696,99.95424095640524,92.70185118422496,4.439863632759851,99.74399670205091,92.50670094205057,56.965036073892016,99.91961249098217,90.47643306111573,6.001744232141442,99.74399670205091,92.4295029546844,57.66272893046857,99.9220859527981,90.50974183739048,56.9808927297233,99.74275997114295,89.90822452466418,72.02885911361294,99.99051839637225,92.16695142404815,NA,NA,NA,NA,NA,NA
0.1,0.6000000000000001,0,100,100,0.9906090264294488,99.45771055572709,92.70185118422496,56.080358204223955,99.45771055572709,87.25371098954497,59.15917105836669,99.91432957456153,92.70185118422496,3.871300075286286,99.45771055572709,92.41696318008684,56.95605658358759,99.68645494040035,87.85718764205214,4.743036018544201,99.45771055572709,92.33075222972867,57.83175496295122,99.75994885866989,87.92341332664544,57.23738954709356,99.45597105470296,87.13732620656144,72.0093513492095,99.97782136194233,91.66144176058435,73.37242936957642,99.43901091971767,85.52557330281988,83.16360898680509,99.96868898156563,91.84522783202972
0.2,0.6000000000000001,0,100,100,2.0679409725661086,98.81731093340107,92.70185118422496,56.54550856690106,98.81731093340107,81.92430678558553,59.02347231851045,99.78456593210652,92.70185118422496,4.8370803208873925,98.81731093340107,92.15401978149443,57.41309299792018,99.12116578652976,82.46508456510495,5.75814598395563,98.81731093340107,91.97180118187376,57.500247598296525,99.26185742270509,82.74448641785665,57.61513320788353,98.81584539552425,81.71113061742716,71.74606318708527,99.94040145967573,90.63866639497155,66.37813211845102,98.81584539552425,79.97750677931565,79.41962959294841,99.96775816670981,90.57831872972083
0.5,0.6000000000000001,0,100,100,4.427927321135667,96.14618300785338,92.70185118422496,57.518680813635605,96.14618300785338,66.44669812060128,58.58525027932075,99.2131111955283,92.70185118422496,6.766297672723239,96.14618300785338,91.545448845557,58.38001885910348,96.83693958399553,66.63949715503864,7.981045808603872,96.14618300785338,90.94471526874305,58.08841591454767,97.00129468404283,67.21162437105193,60.00364503680695,96.14463248804161,65.21701647412887,70.85872312775854,99.46429540503455,88.09661896327412,NA,NA,NA,NA,NA,NA
0,0.7000000000000001,100,100,100,100,100,92.70185118422496,100,100,92.70185118422496,100,100,92.70185118422496,100,99.88204774519178,92.57802091007414,100,99.87616972584917,92.70185118422496,100,99.07362415160588,91.73236986065176,100,99.0305186764268,92.70185118422496,100,99.99882439613148,92.70028371240026,100,99.9984325281753,92.70185118422496,100,99.60578083608948,92.28725488659342,100,99.75704186717243,92.59683057197047
0.001,0.7000000000000001,0,100,100,0,99.99607743150214,92.70185118422496,54.1501976284585,99.99607743150214,92.6481652742292,56.52173913043478,99.99960774315021,92.70185118422496,7.905138339920949,99.99607743150214,92.694013825101493,57.31225296442688,100,92.66344812451996,67.98418972332016,99.7262047188499,92.35152123140587,81.02766798418972,99.71679055445506,92.69205448532063,57.31225296442688,99.9949006609528,92.64346285875511,69.1699604743083,99.99843097260086,92.69440569305767,90.51383399209486,99.7073763900602,92.30763202031443,92.88537549407114,99.83995920528763,92.58625013715378
0.002,0.7000000000000001,0,100,100,0,99.99293239046186,92.70185118422496,55.24752475247525,99.99293239046186,92.59252002445257,58.415841584158414,99.99842942010264,92.70185118422496,7.524752475247524,99.99293239046186,92.68696020189037,59.4059405940594,99.99921471005132,92.61916704547237,49.306930693069305,99.86414483887813,92.46751414643322,73.66336633663366,99.86257425898077,92.66227252065144,59.603960396039604,99.99175445553885,92.58233145759205,72.07920792079207,99.9980367751283,92.68421712619715,88.51485148514851,99.71101329888528,92.23043403294827,91.2871287128713,99.83705233564864,92.56038685204634
0.005,0.7000000000000001,0,100,100,0.07905138339920949,99.98109663165606,92.70185118422496,55.33596837944664,99.98109663165606,92.4279354828597,59.130434782608695,99.99842471930467,92.70185118422496,4.664031620553359,99.98109663165606,92.6791228427669,59.84189723320158,99.99803089913084,92.47300029781965,30.513833992094863,99.95864888174762,92.5282536796401,65.37549407114625,99.9767646097439,92.55999498409017,59.60474308300395,99.97991517113456,92.40520714140163,72.49011857707511,99.99842471930467,92.6540432935718,89.40711462450592,99.73417138266325,92.00040754267442,92.88537549407114,99.85192361463908,92.49416116745302
0.01,0.7000000000000001,0,100,100,0.1188118811881188,99.9556721799393,92.70185118422496,55.00990099009901,99.9556721799393,92.15872219696851,58.495049504950494,99.99089696552325,92.70185118422496,3.9603960396039604,99.9556721799393,92.66383999247614,58.930693069306926,99.99248010195399,92.25277050645015,20.792079207920793,99.95369325940086,92.49533677132153,61.7029702970297,99.99525059070778,92.3805194601627,59.96039603960396,99.95448482761623,92.10817123062213,72.91089108910892,99.99683372713852,92.6097622145242,89.34653465346535,99.73838670482026,91.5912973964293,92.47524752475248,99.85593458480268,92.38443813972444
0.02,0.7000000000000001,0,100,100,0.15819655922483686,99.89765362949814,92.70185118422496,54.478940083053196,99.89765362949814,91.6253899086164,57.642871267549936,99.97841131247226,92.70185118422496,3.77694285149298,99.89765362949814,92.63013934824521,58.01858809570892,99.98120984604067,91.82014828283461,8.760134467075341,99.89725383898836,92.53099675533333,58.809570891833104,99.98760649419705,91.8957787983761,59.857623096697644,99.89645425796883,91.5172343527125,72.37492584536285,99.99640188541204,92.52864554759628,NA,NA,NA,NA,NA,NA
0.05,0.7000000000000001,0,100,100,0.4899636478583847,99.74189185846109,92.70185118422496,54.63884937569148,99.74189185846109,90.01677194852422,58.02908171329224,99.95217165428353,92.70185118422496,3.5640904061956693,99.74189185846109,92.54941454927348,56.677730361940895,99.9266082281247,90.46663636221139,4.978662873399715,99.74189185846109,92.47927018511842,57.56282598387862,99.93073136137613,90.48975657162562,60.115378536431166,99.74065491848566,89.7436399830713,72.44349612770665,99.98639366027031,92.28686301863725,NA,NA,NA,NA,NA,NA
0.1,0.7000000000000001,0,100,100,0.9877518767285659,99.4562333063625,92.70185118422496,55.06519162386409,99.4562333063625,87.33835446807844,58.154879494271036,99.9125623156631,92.70185118422496,3.5203476886606087,99.4562333063625,92.45066382431776,55.697352824970366,99.72028641279287,88.01315108860919,4.693796918214145,99.4562333063625,92.33427904133423,56.74041880679573,99.75987262808968,88.06958007429816,60.49387593836428,99.45449325294287,86.79796855651519,72.55235084946662,99.97781431889959,91.86521309779457,75.85144211774002,99.4431829057152,85.26380550809598,83.89964440932438,99.97128911857594,91.93731680173049
0.2,0.7000000000000001,0,100,100,2.064482990240626,98.81507552427043,92.70185118422496,55.608676755304444,98.81507552427043,82.08105396805493,58.20854241574144,99.78247054797869,92.70185118422496,4.184282271128847,98.81507552427043,92.28137686725081,56.44039669682721,99.06340128073519,82.55051177955076,4.818444031767355,98.81507552427043,92.15558725331913,56.6893200047414,99.25306740968861,82.80483408310737,60.90718716662057,98.81360903358264,81.02849663777295,72.46631633015923,99.93156376790341,91.06541059924447,69.94547394207594,98.81214254289486,79.2345251344107,80.42988660160417,99.96284890257614,90.99957678260733
0.5,0.7000000000000001,0,100,100,4.41568088250401,96.11237649546405,92.70185118422496,56.575713755146225,96.11237649546405,66.83543113312538,57.60140340895622,99.17210177317921,92.70185118422496,6.3161305107112655,96.11237649546405,91.75940874962772,57.47101913092953,96.66897286204028,66.92712823486998,7.08026140072225,96.11237649546405,91.38047243600796,57.115425645402176,96.88585887639051,67.55921124817782,63.746058838868734,96.11082175700993,63.27883756289481,71.49404578463678,99.46128312564618,89.48030471652272,NA,NA,NA,NA,NA,NA
0,0.8,100,100,100,100,100,92.70185118422496,100,100,92.70185118422496,100,100,92.70185118422496,100,99.88204774519178,92.57802091007414,100,99.87616972584917,92.70185118422496,100,99.07362415160588,91.73236986065176,100,99.0305186764268,92.70185118422496,100,99.99882439613148,92.70028371240026,100,99.9984325281753,92.70185118422496,100,99.60578083608948,92.28725488659342,100,99.75704186717243,92.59683057197047
0.001,0.8,0,100,100,0,99.99607741611555,92.70185118422496,54.7244094488189,99.99607741611555,92.64738153831685,57.48031496062992,99.99960774161156,92.70185118422496,4.724409448818897,99.99607741611555,92.69714876875088,57.874015748031496,99.99960774161156,92.65992131291439,74.40944881889764,99.7344410710223,92.35073749549352,83.85826771653542,99.72267331936894,92.69166261736446,63.38582677165354,99.9949006409502,92.63719297145634,72.83464566929135,99.99843096644622,92.69479756101384,94.48818897637796,99.68737006440882,92.28216060316315,95.2755905511811,99.8289753426377,92.57371036255624
0.002,0.8,0,100,100,0,99.99293227945768,92.70185118422496,53.83104125736738,99.99293227945768,92.59447936423342,56.188605108055015,99.99842939543504,92.70185118422496,5.1080550098231825,99.99293227945768,92.69166261736446,56.777996070726914,99.99842939543504,92.61838330956002,60.51080550098232,99.86100149600084,92.44204272928194,77.21021611001964,99.85982354257713,92.67363669138047,63.0648330058939,99.99175432603394,92.57449409846859,72.10216110019645,99.9980367442938,92.68931140962742,91.94499017681729,99.71611322488309,92.22769095725505,92.73084479371316,99.83901303209137,92.55333322883521
0.005,0.8,0,100,100,0.07892659826361484,99.98070265948859,92.70185118422496,54.14364640883977,99.98070265948859,92.43342163424613,57.22178374112076,99.99566794396682,92.70185118422496,3.1570639305445938,99.98070265948859,92.68656833393419,57.85319652722968,99.9972432370698,92.48005392103077,51.85477505919495,99.95943620259845,92.42127372760474,72.92817679558011,99.97597678017966,92.6172077056915,64.87766377269139,99.97952118966134,92.37856012038183,73.63851617995265,99.99763706034554,92.66971801181873,89.8184688239937,99.72983723284014,91.99648886311269,92.10734017363852,99.84680274573587,92.47691897738139
0.01,0.8,0,100,100,0.11838989739542227,99.9544832062821,92.70185118422496,53.70955011838989,99.9544832062821,92.16969449974137,57.02446724546172,99.99366722870012,92.70185118422496,2.841357537490134,99.9544832062821,92.674812295249,57.4191002367798,99.99604201793757,92.26648588491622,29.83425414364641,99.94894203139472,92.40089659388373,61.60220994475139,99.9924798340814,92.45850118344123,63.06235201262825,99.95329581166338,92.07525432230355,71.86266771902132,99.99643781614381,92.63680110350016,89.14759273875296,99.72610764128017,91.58071696161262,91.4364640883978,99.84722189239038,92.37385770490776
0.02,0.8,0,100,100,0.15772870662460567,99.89764749156392,92.70185118422496,52.85883280757098,99.89764749156392,91.65438813737323,56.7429022082019,99.98240816261254,92.70185118422496,2.8391167192429023,99.89764749156392,92.64855714218537,57.09779179810725,99.9852068640151,91.82524256626488,12.302839116719243,99.89724767707784,92.46006865526593,58.359621451104104,99.99400278270882,91.98081414486575,62.55914826498423,99.89644804810568,91.46002163111118,72.35804416403786,99.99520222616705,92.57841277803031,87.44085173501577,99.74211965647939,90.80716961612615,89.94479495268138,99.88085528314862,92.2802012633823
0.05,0.8,0,100,100,0.48907470221661276,99.74145502678229,92.70185118422496,53.56945649601641,99.74145502678229,90.06497170713357,56.77999526701901,99.95422888033944,92.70185118422496,2.7924587836238857,99.74145502678229,92.5874257410223,56.43290999447819,99.94804359389884,90.48662162797623,4.6935394809497515,99.74145502678229,92.4929855635845,56.937761299992104,99.95546593762758,90.55559038826277,63.37461544529462,99.74021796949417,89.57631236578523,72.99834345665379,99.98927883683628,92.39580231045346,NA,NA,NA,NA,NA,NA
0.1,0.8,0,100,100,0.9860377060818805,99.4574344962016,92.70185118422496,54.11374930977361,99.4574344962016,87.42338981456808,57.2651258184113,99.90645422348304,92.70185118422496,2.922615760826694,99.4574344962016,92.50944401774377,54.969630038652674,99.77331465318447,88.1546154207878,3.944150824327522,99.4574344962016,92.40795021709485,56.208093397491524,99.78854303540817,88.13737323071618,63.79269543267334,99.45569410966175,86.45978651033748,73.33359627672162,99.97955045815675,92.0968070598931,79.09600063106413,99.44264121061288,84.92601532987445,85.08716573321765,99.97171871872743,92.06624135931156
0.2,0.8,0,100,100,2.0590727276309826,98.80696742761829,92.70185118422496,54.78118657760438,98.80696742761829,82.21664028089096,57.40773580816142,99.77792669624384,92.70185118422496,3.4954976256625483,98.80696742761829,92.41617944417449,55.3191070126697,99.08382533494427,82.80209100741415,3.9289866209532813,98.80696742761829,92.32996849381632,55.82747137987428,99.28633270885408,83.0258476103892,64.13272644873993,98.80549998287981,80.35526748906689,72.98181316624303,99.93787817273781,91.52820665548536,73.35421962128825,98.80354338989518,78.51975798235027,80.96983310673681,99.96820536399966,91.461197234979693
0.5,0.8,0,100,100,4.40333856132912,96.0882882461596,92.70185118422496,55.75302842821226,96.0882882461596,67.17047823565372,56.7602714354395,99.20659044323381,92.70185118422496,5.752634358178136,96.0882882461596,92.03097324325596,56.605795982061935,96.52474144045142,67.20104393623525,6.2121200179695935,96.0882882461596,91.80251422480681,56.20620896745769,96.7671288394242,67.79550762575043,67.12352519289728,96.08672948475142,61.51621549602646,72.18259629101283,99.44040465446157,90.61045190212705,NA,NA,NA,NA,NA,NA
0,0.9,100,100,100,100,100,92.70185118422496,100,100,92.70185118422496,100,100,92.70185118422496,100,99.88204774519178,92.57802091007414,100,99.87616972584917,92.70185118422496,100,99.07362415160588,91.73236986065176,100,99.0305186764268,92.70185118422496,100,99.99882439613148,92.70028371240026,100,99.9984325281753,92.70185118422496,100,99.60578083608948,92.28725488659342,100,99.75704186717243,92.59683057197047
0.001,0.9,0,100,100,0,99.99607740072882,92.70185118422496,53.333333333333336,99.99607740072882,92.64855714218537,57.647058823529406,99.99960774007289,92.70185118422496,2.7450980392156863,99.99607740072882,92.69910810853175,56.470588235294116,99.99921548014576,92.65796197313352,81.96078431372548,99.69364499692077,92.29822718936627,87.05882352941177,99.67795459983604,92.69675690079471,65.09803921568627,99.99490062094748,92.63523363167548,72.15686274509804,99.99843096029153,92.69754063670706,92.15686274509804,99.69089917743094,92.28843049046193,94.11764705882352,99.82701337214091,92.57214289073154
0.002,0.9,0,100,100,0,99.99293227945768,92.70185118422496,53.83104125736738,99.99293227945768,92.59447936423342,58.349705304518665,100,92.70185118422496,3.143418467583497,99.99293227945768,92.69558129692619,58.349705304518665,99.99921469771752,92.61289715817358,69.9410609037328,99.80131852253228,92.36210166622256,80.74656188605108,99.79896261568484,92.68264965437247,66.01178781925344,99.99175432603394,92.56861607912597,73.47740667976424,99.99842939543504,92.69127074940829,91.94499017681729,99.68195257559516,92.19124723733091,93.1237721021611,99.81780987046439,92.55019828518583
0.005,0.9,0,100,100,0.07886435331230283,99.98070258349087,92.70185118422496,52.99684542586751,99.98070258349087,92.43890778563255,57.33438485804416,99.9976370510397,92.70185118422496,1.8927444794952681,99.98070258349087,92.69283822123298,57.64984227129337,99.99684940138627,92.47339216577582,62.618296529968454,99.93226212980466,92.340548928633,75.63091482649841,99.94722747321991,92.65090834992242,66.7192429022082,99.97952110901072,92.36915528943366,73.42271293375394,99.99684940138627,92.68147405050394,90.69400630914826,99.71329552614996,91.97023371004906,91.8769716088328,99.84404536862004,92.473784033732
0.01,0.9,0,100,100,0.1178318931657502,99.95448104432359,92.70185118422496,52.43519245875884,99.95448104432359,92.17988306660187,56.166535742340926,99.99287529389413,92.70185118422496,2.7494108405341713,99.95448104432359,92.67559603116135,56.71641791044776,99.99485437892353,92.26687775287239,43.715632364493324,99.93983581510597,92.25120303462545,65.78947368421053,99.98218823473532,92.53922598241296,66.37863315003928,99.95329359330594,92.0392024703356,73.13432835820896,99.99802091497058,92.65796197313352,90.18067556952082,99.71580338977684,91.5528943367243,91.5553809897879,99.86225568195312,92.37268210103923
0.02,0.9,0,100,100,0.15723270440251574,99.89724110355857,92.70185118422496,52.181603773584904,99.89724110355857,91.66457670423375,56.17138364779875,99.98080767692923,92.70185118422496,1.6312893081761006,99.89724110355857,92.67246108751195,56.643081761006286,99.98680527788885,91.81818894305374,28.30188679245283,99.89644142343063,92.13991253507217,61.98899371069182,99.99600159936026,92.18458548207596,65.33018867924528,99.89604158336665,91.40084956972898,72.85770440251572,99.99600159936026,92.60897847861185,NA,NA,NA,NA,NA,NA
0.05,0.9,0,100,100,0.48738306736891757,99.74140810914474,92.70185118422496,52.96753399889946,99.74140810914474,90.08574070881076,56.39493750491313,99.95504542886249,92.70185118422496,1.7608678563006055,99.74140810914474,92.63836857532486,56.53643581479444,99.95916970144391,90.45252911578915,7.6251866991588715,99.74140810914474,92.34603508001943,57.01595786494772,99.96618096483233,90.70606768343339,66.53564971307287,99.74017082737032,89.40780914463062,73.83853470639102,99.98968931854644,92.4972961111024,NA,NA,NA,NA,NA,NA
0.1,0.9,0,100,100,0.9827044025157232,99.45505510385291,92.70185118422496,53.23899371069183,99.45505510385291,87.4923585748546,56.5251572327044,99.91599491616901,92.70185118422496,2.158018867924528,99.45505510385291,92.58468266532908,55.56996855345911,99.86724585197695,88.18047870589525,3.3333333333333335,99.45505510385291,92.46751414643322,55.88836477987421,99.87856259902154,88.26512218442873,66.85534591194968,99.45331406584606,86.13296863488878,73.5377358490566,99.97910754391769,92.3170368512626,81.1753144654088,99.43329212876716,84.6858002727401,84.92924528301887,99.96474398036109,92.18419361411979
0.2,0.9,0,100,100,2.0536503881300976,98.80324811676773,92.70185118422496,53.64056205168517,98.80324811676773,82.41531733467092,56.27395106612951,99.77924944812362,92.70185118422496,3.073597327306672,98.80324811676773,92.49847171497092,53.915692247224136,99.3901215351708,83.51764189538693,3.3526579542104744,98.80324811676773,92.44282646519429,54.75090891225312,99.42927906100253,83.44161951188927,67.12194163309422,98.80177970954905,79.72553568349609,73.233762405424,99.93636902052344,92.00158314654294,NA,NA,NA,NA,NA,NA
0.5,0.9,0,100,100,4.3942656837008975,96.06186598308767,92.70185118422496,54.76837952119716,96.06186598308767,67.5858582691976,55.8404200135184,99.171577285587,92.70185118422496,5.1063395004479935,96.06186598308767,92.34681881593178,55.742961786943745,96.39167200712755,67.53844224650062,5.309115487998492,96.06186598308767,92.24571688323903,55.15428266029521,96.74805008049768,68.12937912441024,70.34361884401969,96.06030292136236,59.819427245795254,73.24614489837622,99.38571674195414,91.545448845557,NA,NA,NA,NA,NA,NA
0,1,100,100,100,100,100,92.70185118422496,100,100,92.70185118422496,100,100,92.70185118422496,100,99.88204774519178,92.57802091007414,100,99.87616972584917,92.70185118422496,100,99.07362415160588,91.73236986065176,100,99.0305186764268,92.70185118422496,100,99.99882439613148,92.70028371240026,100,99.9984325281753,92.70185118422496,100,99.60578083608948,92.28725488659342,100,99.75704186717243,92.59683057197047
0.001,1,0,100,100,0,99.99607740072882,92.70185118422496,52.94117647058824,99.99607740072882,92.64894901014155,54.90196078431373,99.99960774007289,92.70185118422496,71.37254901960785,99.91252603625266,92.54196905810618,74.11764705882354,99.91134925647131,92.70067558035645,88.62745098039215,99.62225369018527,92.2194617301754,89.41176470588236,99.6057787732463,92.69754063670706,68.23529411764706,99.99490062094748,92.63209868802609,71.37254901960785,99.99803870036442,92.6998918444441,91.37254901960785,99.65951838326149,92.25747292192423,91.37254901960785,99.78700285957487,92.56312992773955
0.002,1,0,100,100,0,99.99293225170608,92.70185118422496,52.94117647058824,99.99293225170608,92.59604683605812,56.27450980392157,99.999607347317,92.70185118422496,71.96078431372548,99.9250033375478,92.48632380832954,74.70588235294117,99.92775190632878,92.69910810853175,86.07843137254902,99.80485161655109,92.33231970155337,87.84313725490196,99.80171039508713,92.69518942897001,70,99.99175429365708,92.56038685204634,74.31372549019608,99.99803673658502,92.69479756101384,92.3529411764706,99.68862642238435,92.19790899258585,92.54901960784314,99.81152671216202,92.53413169898272
0.005,1,0,100,100,0.0784313725490196,99.98070205149008,92.70185118422496,51.68627450980392,99.98070205149008,92.44400206906282,55.2156862745098,99.9984246572645,92.70185118422496,70.98039215686275,99.94368149720574,92.3095913600953,73.6470588235294,99.95943492456078,92.69597316488236,81.17647058823529,99.91532532796667,92.22925842907974,83.76470588235294,99.93186642668945,92.68852767371506,69.41176470588235,99.97952054443844,92.3538724391429,73.49019607843137,99.99763698589675,92.68891954167124,92.94117647058823,99.72431502128681,91.96984184209289,93.25490196078431,99.84325339781736,92.45850118344123
0.01,1,0,100,100,0.11760094080752645,99.954480143446915,92.70185118422496,51.626813014504116,99.954480143446915,92.18693668981301,55.62524500196001,99.99406262740612,92.70185118422496,68.67894943159544,99.94656364665508,92.00785303384171,72.24617796942375,99.98575030577469,92.69009514553976,75.53900431203449,99.93864714986324,91.93104691443172,79.45903567228538,99.98179205737877,92.68264965437247,69.54135633085065,99.95329266892816,92.00628556201703,73.93179145433163,99.99683340128327,92.67716350298603,91.68953351626813,99.7431096791048,91.5662178472342,92.27753822030577,99.86066965646361,92.35152123140587
0.02,1,0,100,100,0.1567705271408975,99.89643521202791,92.70185118422496,50.79365079365079,99.89643521202791,91.68926438547267,54.791299235743686,99.98200611791991,92.70185118422496,62.84538506760728,99.89523561988923,91.44708998855745,67.25455614344503,99.98480516624348,92.67402855933665,68.27356456986087,99.89563548393546,91.3385425646974,72.9962766999804,99.9936021752604,92.66775867203788,68.95943562610229,99.89523561988923,91.32443531827515,73.60376249265138,99.99240258312174,92.65012461401007,89.79031941994904,99.72769258452126,90.73663338401492,90.80932784636488,99.88164024231762,92.18536921798831
0.05,1,0,100,100,0.4859314993338036,99.74054259185164,92.70185118422496,51.86143114664159,99.74054259185164,90.13315673150774,55.58429343992476,99.9554508742766,92.70185118422496,52.0808840818246,99.74054259185164,90.1221844287349,57.59855788071165,99.96906310713652,92.63719297145634,55.73320793165608,99.74054259185164,89.93957396115805,61.52519789952191,99.98638776714007,92.63680110350016,69.78603338819657,99.7393051161371,89.23538724391429,74.1594168822008,99.99010019428368,92.60937034656803,NA,NA,NA,NA,NA,NA
0.1,1,0,100,100,0.9797006034955718,99.45312840161972,92.70185118422496,52.17493533976017,99.45312840161972,87.58248820477452,55.63131906889255,99.9089998693778,92.70185118422496,38.5179089270319,99.45312840161972,88.94814803203911,55.984011286150945,99.92728697696695,91.49607348307914,41.10823732267419,99.45312840161972,88.68912331300845,56.352378713065285,99.94688030652675,91.72022195401037,69.95846069441178,99.4513867723255,85.80223207987837,74.10847245081904,99.97822963382245,92.55568443657225,83.7408887843875,99.42874559150084,84.40169600451432,85.78650364448625,99.96081334088039,92.17635625499632
0.2,1,0,100,100,2.047534141897055,98.79598924325622,92.70185118422496,52.6343633050532,98.79598924325622,82.58460429173785,55.426455316730994,99.7599815822602,92.70185118422496,19.670043301918216,98.79598924325622,89.17739078640061,55.22464094676411,99.73157123893589,86.76230857250341,21.360973411446597,98.79598924325622,88.8392087402229,55.29517800811177,99.75116457915955,87.06522250262552,70.4508493837804,98.79451974273944,79.01978149442763,73.94635264611948,99.91574863703828,92.44400206906282,79.640260987127,98.78913157417793,77.17761023245608,82.22466054039226,99.9539556504744,92.30645641644591
0.5,1,0,100,100,4.381867485931941,96.03664749126133,92.70185118422496,53.6937473548913,96.03664749126133,68.04591124974529,54.88424220574635,99.12613445773312,92.70185118422496,4.381867485931941,96.03664749126133,92.70185118422496,53.334012571124035,97.93720707870276,69.70390457231531,4.381867485931941,96.03664749126133,92.70185118422496,53.21018229697321,97.91761368089409,69.7544555386617,73.07945514679373,96.0342962835243,58.351881749925546,73.99329122059031,99.27190933742966,92.40089659388373,NA,NA,NA,NA,NA,NA
